id,first_name,last_name,email,gender,ip_address
1,Betty,Fowler,bfowler0@vistaprint.com,Female,169.96.79.194
2,Karen,Bishop,kbishop1@statcounter.com,Female,238.64.26.113
3,Betty,Wells,bwells2@spiegel.de,Female,45.70.35.71
4,Eugene,Gordon,egordon3@guardian.co.uk,Male,197.174.203.120
5,Juan,Tucker,jtucker4@delicious.com,Male,99.46.58.7
6,Jeffrey,Watson,jwatson5@comsenz.com,Male,110.235.28.253
7,Victor,Spencer,vspencer6@va.gov,Male,199.69.9.235
8,Charles,White,cwhite7@sbwire.com,Male,84.55.26.120
9,Nicole,Hart,nhart8@sogou.com,Female,85.24.145.52
10,Amanda,Dunn,adunn9@cbc.ca,Female,45.215.236.187
11,Roy,Kennedy,rkennedya@theatlantic.com,Male,209.64.106.149
12,Pamela,Chavez,pchavezb@simplemachines.org,Female,201.98.146.241
13,Beverly,Armstrong,barmstrongc@so-net.ne.jp,Female,252.88.76.231
14,Bonnie,Owens,bowensd@shinystat.com,Female,208.188.212.215
15,Douglas,Edwards,dedwardse@state.tx.us,Male,233.218.18.15
16,Heather,Lawson,hlawsonf@amazonaws.com,Female,56.242.150.63
17,Nancy,Nguyen,nnguyeng@mail.ru,Female,108.39.179.69
18,Kimberly,Watkins,kwatkinsh@un.org,Female,87.173.152.57
19,Norma,Lewis,nlewisi@theatlantic.com,Female,247.221.92.130
20,Albert,Alvarez,aalvarezj@tinypic.com,Male,117.7.99.213
21,Martin,Mills,mmillsk@tiny.cc,Male,239.237.43.199
22,Diana,Wheeler,dwheelerl@surveymonkey.com,Female,145.190.147.11
23,Anne,Alexander,aalexanderm@zimbio.com,Female,113.59.183.95
24,Wanda,Hansen,whansenn@com.com,Female,53.15.208.167
25,John,Howard,jhowardo@gmpg.org,Male,104.142.154.3
26,Mildred,Richards,mrichardsp@pinterest.com,Female,115.161.19.140
27,Shawn,Burke,sburkeq@quantcast.com,Male,74.103.205.119
28,Brenda,Wagner,bwagnerr@cbslocal.com,Female,77.42.90.97
29,Brian,Berry,bberrys@baidu.com,Male,192.139.187.20
30,David,Dunn,ddunnt@unc.edu,Male,223.167.210.167
31,Thomas,Nelson,tnelsonu@earthlink.net,Male,234.102.50.115
32,Bonnie,Bowman,bbowmanv@flickr.com,Female,237.65.249.113
33,Ernest,Oliver,eoliverw@home.pl,Male,194.41.131.222
34,Timothy,Hansen,thansenx@behance.net,Male,101.54.23.201
35,Janet,Russell,jrusselly@friendfeed.com,Female,124.125.34.212
36,Ronald,Gordon,rgordonz@prweb.com,Male,188.175.148.241
37,Joyce,Wheeler,jwheeler10@blogspot.com,Female,69.218.205.218
38,Joe,Howell,jhowell11@about.com,Male,107.65.250.151
39,Jessica,Alexander,jalexander12@cpanel.net,Female,109.57.160.10
40,Kathy,Sims,ksims13@vistaprint.com,Female,143.236.253.104
41,Anthony,Mason,amason14@domainmarket.com,Male,213.129.241.179
42,Bruce,Hamilton,bhamilton15@blog.com,Male,156.40.236.95
43,Nicole,Crawford,ncrawford16@linkedin.com,Female,9.76.127.54
44,Dorothy,Hill,dhill17@livejournal.com,Female,254.56.2.170
45,Andrea,Knight,aknight18@nature.com,Female,254.66.203.64
46,Gloria,Thomas,gthomas19@joomla.org,Female,224.47.150.71
47,Judith,Ryan,jryan1a@smugmug.com,Female,240.110.74.241
48,Betty,Diaz,bdiaz1b@microsoft.com,Female,157.58.159.100
49,Judith,Bailey,jbailey1c@dyndns.org,Female,124.223.165.240
50,Roy,Gutierrez,rgutierrez1d@bloglovin.com,Male,45.120.95.199
51,Tina,Allen,tallen1e@list-manage.com,Female,112.49.23.155
52,Ruby,Hansen,rhansen1f@hatena.ne.jp,Female,107.131.123.16
53,Jack,Torres,jtorres1g@nhs.uk,Male,230.121.252.219
54,Carolyn,Gutierrez,cgutierrez1h@un.org,Female,4.81.219.13
55,Marie,Carpenter,mcarpenter1i@forbes.com,Female,205.172.43.192
56,Jonathan,Russell,jrussell1j@mozilla.org,Male,103.50.86.13
57,Kathryn,Cox,kcox1k@time.com,Female,255.3.46.250
58,Helen,Perkins,hperkins1l@ebay.com,Female,20.222.73.74
59,Lois,Myers,lmyers1m@is.gd,Female,90.164.220.13
60,Frank,Palmer,fpalmer1n@nbcnews.com,Male,136.100.163.38
61,Kevin,Nguyen,knguyen1o@ucoz.com,Male,24.235.149.7
62,Samuel,Hunt,shunt1p@github.io,Male,64.164.22.180
63,Gary,Anderson,ganderson1q@liveinternet.ru,Male,2.42.144.119
64,Christopher,Moreno,cmoreno1r@linkedin.com,Male,123.161.71.65
65,Joseph,Arnold,jarnold1s@paginegialle.it,Male,92.180.151.63
66,James,Hall,jhall1t@disqus.com,Male,135.47.138.70
67,Ralph,Morgan,rmorgan1u@wix.com,Male,17.138.89.225
68,Clarence,Evans,cevans1v@army.mil,Male,181.238.209.91
69,Keith,Harper,kharper1w@cam.ac.uk,Male,127.225.215.87
70,Harry,Thompson,hthompson1x@ocn.ne.jp,Male,20.159.176.86
71,Carlos,Sullivan,csullivan1y@google.com,Male,22.219.148.8
72,Nicole,Richardson,nrichardson1z@reuters.com,Female,31.222.115.155
73,Andrea,Morgan,amorgan20@zdnet.com,Female,197.94.105.144
74,Jessica,Watson,jwatson21@samsung.com,Female,175.44.172.29
75,Louis,Cunningham,lcunningham22@cdbaby.com,Male,120.15.116.160
76,Andrea,Garza,agarza23@stumbleupon.com,Female,114.111.153.238
77,Russell,Romero,rromero24@accuweather.com,Male,170.154.243.229
78,Bonnie,Moore,bmoore25@mapquest.com,Female,49.110.192.137
79,Keith,Jordan,kjordan26@java.com,Male,84.58.154.38
80,Margaret,Mccoy,mmccoy27@livejournal.com,Female,70.132.220.148
81,Eric,Fisher,efisher28@ihg.com,Male,34.14.29.161
82,Jean,Matthews,jmatthews29@hao123.com,Female,70.190.154.149
83,Shawn,Henry,shenry2a@cnet.com,Male,124.124.29.208
84,Frank,Barnes,fbarnes2b@un.org,Male,185.240.76.172
85,Donald,Burns,dburns2c@arizona.edu,Male,98.203.58.167
86,Laura,Hughes,lhughes2d@51.la,Female,88.11.193.13
87,Harry,Butler,hbutler2e@dailymail.co.uk,Male,202.35.125.6
88,Robert,Meyer,rmeyer2f@shareasale.com,Male,44.23.26.137
89,Billy,Spencer,bspencer2g@wordpress.org,Male,35.75.140.195
90,Anne,Reed,areed2h@sun.com,Female,55.229.242.92
91,Julia,Evans,jevans2i@t.co,Female,130.212.52.94
92,Martin,Garrett,mgarrett2j@flavors.me,Male,179.125.74.36
93,Nicholas,Sullivan,nsullivan2k@reuters.com,Male,213.245.7.48
94,Timothy,Mccoy,tmccoy2l@free.fr,Male,171.177.225.26
95,Gary,Gomez,ggomez2m@cisco.com,Male,19.248.201.230
96,Nicole,Austin,naustin2n@msu.edu,Female,95.207.150.40
97,Todd,Russell,trussell2o@ebay.co.uk,Male,246.199.79.42
98,Kathryn,Hart,khart2p@zdnet.com,Female,76.87.6.12
99,Steven,Dunn,sdunn2q@guardian.co.uk,Male,108.214.1.141
100,Eric,Porter,eporter2r@opera.com,Male,161.204.163.16
101,Walter,Wells,wwells2s@uiuc.edu,Male,211.136.181.191
102,Norma,Baker,nbaker2t@cornell.edu,Female,86.151.64.31
103,Victor,Rose,vrose2u@weather.com,Male,4.28.46.143
104,Rose,Lopez,rlopez2v@google.com,Female,173.234.154.46
105,Jane,Henderson,jhenderson2w@miibeian.gov.cn,Female,60.238.215.102
106,Rebecca,Lopez,rlopez2x@china.com.cn,Female,108.39.219.132
107,Mildred,Tucker,mtucker2y@ucoz.com,Female,23.220.42.150
108,Ronald,Hill,rhill2z@merriam-webster.com,Male,166.227.221.153
109,Anthony,Romero,aromero30@nps.gov,Male,246.184.180.118
110,Jesse,Bailey,jbailey31@nhs.uk,Male,121.242.124.175
111,Eugene,Taylor,etaylor32@harvard.edu,Male,176.192.2.156
112,Jesse,Cruz,jcruz33@ucla.edu,Male,239.193.181.213
113,Fred,Hudson,fhudson34@wired.com,Male,182.216.126.134
114,Mary,Morales,mmorales35@com.com,Female,128.181.254.6
115,Lois,Porter,lporter36@dropbox.com,Female,199.55.186.82
116,Donna,Riley,driley37@tinyurl.com,Female,56.12.196.67
117,Kevin,Graham,kgraham38@skyrock.com,Male,13.116.212.127
118,Annie,George,ageorge39@csmonitor.com,Female,238.11.220.39
119,Anthony,Wagner,awagner3a@ebay.com,Male,217.15.30.175
120,Justin,Hernandez,jhernandez3b@guardian.co.uk,Male,78.49.141.53
121,Katherine,Nguyen,knguyen3c@themeforest.net,Female,107.183.254.138
122,Scott,Carpenter,scarpenter3d@rediff.com,Male,19.95.68.141
123,Kelly,Boyd,kboyd3e@geocities.com,Female,129.164.201.129
124,Emily,Kelley,ekelley3f@washington.edu,Female,133.142.128.188
125,Teresa,Hunter,thunter3g@cnn.com,Female,201.78.101.77
126,Howard,Torres,htorres3h@lulu.com,Male,239.206.136.108
127,Victor,White,vwhite3i@google.ru,Male,80.125.134.135
128,Stephanie,Gibson,sgibson3j@gmpg.org,Female,81.88.8.97
129,Howard,Gordon,hgordon3k@domainmarket.com,Male,77.165.73.59
130,Louise,Harrison,lharrison3l@tmall.com,Female,122.172.225.212
131,Emily,Sanchez,esanchez3m@blogs.com,Female,22.223.100.39
132,Frank,Peterson,fpeterson3n@exblog.jp,Male,152.109.122.76
133,John,Wheeler,jwheeler3o@github.io,Male,9.107.39.59
134,Sandra,Willis,swillis3p@google.pl,Female,130.6.137.112
135,Julia,Simpson,jsimpson3q@nyu.edu,Female,132.109.162.197
136,Jonathan,Carpenter,jcarpenter3r@domainmarket.com,Male,46.151.33.155
137,Bruce,Evans,bevans3s@scientificamerican.com,Male,184.106.187.251
138,Benjamin,Lewis,blewis3t@studiopress.com,Male,77.69.125.249
139,Jose,Howard,jhoward3u@rakuten.co.jp,Male,148.39.211.174
140,Wanda,Garza,wgarza3v@japanpost.jp,Female,220.49.133.224
141,Patrick,Frazier,pfrazier3w@unc.edu,Male,235.18.236.32
142,Mary,Fuller,mfuller3x@thetimes.co.uk,Female,126.250.0.248
143,Peter,Lopez,plopez3y@symantec.com,Male,244.98.97.12
144,Anne,Spencer,aspencer3z@bloglovin.com,Female,192.142.145.105
145,Mark,Martinez,mmartinez40@bloglines.com,Male,36.174.63.5
146,Denise,Diaz,ddiaz41@e-recht24.de,Female,235.170.50.2
147,Matthew,Barnes,mbarnes42@usda.gov,Male,27.54.138.98
148,Nicole,Larson,nlarson43@reference.com,Female,105.188.66.135
149,Kevin,Hayes,khayes44@ed.gov,Male,98.108.182.3
150,Andrea,Gray,agray45@harvard.edu,Female,89.231.205.33
151,Christopher,Warren,cwarren46@so-net.ne.jp,Male,214.16.218.70
152,Wanda,Banks,wbanks47@issuu.com,Female,189.233.30.103
153,Victor,Stanley,vstanley48@sogou.com,Male,70.58.59.85
154,Jonathan,West,jwest49@gov.uk,Male,0.168.88.121
155,Patrick,Brooks,pbrooks4a@ustream.tv,Male,121.174.99.243
156,Paula,Greene,pgreene4b@wiley.com,Female,25.230.130.191
157,Kelly,Holmes,kholmes4c@yelp.com,Female,54.51.45.10
158,Charles,Reyes,creyes4d@ezinearticles.com,Male,183.154.89.133
159,Janice,Owens,jowens4e@wunderground.com,Female,167.144.77.18
160,Marilyn,Gonzales,mgonzales4f@mail.ru,Female,81.163.18.146
161,Shirley,Howard,showard4g@posterous.com,Female,77.30.228.184
162,Sean,Hicks,shicks4h@chron.com,Male,203.202.12.200
163,Jason,Banks,jbanks4i@nifty.com,Male,145.46.245.16
164,Gerald,Carroll,gcarroll4j@gravatar.com,Male,234.170.248.118
165,Shawn,Gonzalez,sgonzalez4k@cdc.gov,Male,230.133.241.189
166,Betty,Allen,ballen4l@printfriendly.com,Female,83.22.104.219
167,Wayne,Rodriguez,wrodriguez4m@nymag.com,Male,180.152.186.42
168,Ruth,Simmons,rsimmons4n@smh.com.au,Female,55.226.131.151
169,Beverly,Bishop,bbishop4o@cnn.com,Female,34.29.82.242
170,Lois,Howell,lhowell4p@people.com.cn,Female,248.119.96.169
171,Sandra,Olson,solson4q@whitehouse.gov,Female,254.101.129.76
172,Eugene,Davis,edavis4r@aboutads.info,Male,99.69.216.114
173,Earl,Shaw,eshaw4s@bravesites.com,Male,60.67.169.161
174,Brandon,Fuller,bfuller4t@histats.com,Male,207.235.4.20
175,Joyce,Ellis,jellis4u@stanford.edu,Female,73.47.254.123
176,Steve,Bennett,sbennett4v@blog.com,Male,80.90.196.71
177,Doris,Burton,dburton4w@1688.com,Female,1.190.104.255
178,Timothy,Williams,twilliams4x@ask.com,Male,226.90.37.151
179,Jason,Robinson,jrobinson4y@wix.com,Male,108.76.121.51
180,Betty,Cunningham,bcunningham4z@studiopress.com,Female,117.88.99.49
181,Robin,Burns,rburns50@github.com,Female,185.25.156.104
182,Fred,Alexander,falexander51@psu.edu,Male,204.187.127.147
183,Louise,Cooper,lcooper52@w3.org,Female,248.255.75.175
184,Judith,Hawkins,jhawkins53@vk.com,Female,116.156.250.19
185,Teresa,Harris,tharris54@opensource.org,Female,171.77.142.76
186,William,Dunn,wdunn55@last.fm,Male,63.210.208.36
187,Billy,Cooper,bcooper56@un.org,Male,247.124.29.107
188,Ryan,Mitchell,rmitchell57@google.nl,Male,86.32.141.63
189,Mary,Fox,mfox58@comsenz.com,Female,231.143.14.188
190,Amanda,Rogers,arogers59@unicef.org,Female,84.253.168.225
191,Anne,Welch,awelch5a@sina.com.cn,Female,9.52.188.18
192,William,King,wking5b@pcworld.com,Male,231.63.80.156
193,Norma,James,njames5c@shop-pro.jp,Female,133.96.247.39
194,Julie,Hicks,jhicks5d@flickr.com,Female,174.103.161.152
195,Kelly,Grant,kgrant5e@cnbc.com,Female,15.47.61.209
196,Amanda,Clark,aclark5f@sun.com,Female,74.233.173.239
197,Gary,Dunn,gdunn5g@mapquest.com,Male,224.31.237.125
198,Kathy,Elliott,kelliott5h@msn.com,Female,111.4.134.230
199,Walter,Owens,wowens5i@cbc.ca,Male,200.201.2.52
200,Kathryn,Castillo,kcastillo5j@godaddy.com,Female,16.58.249.77
201,Alice,Mccoy,amccoy5k@berkeley.edu,Female,15.8.243.149
202,James,Mcdonald,jmcdonald5l@indiegogo.com,Male,221.93.126.235
203,Judith,Morris,jmorris5m@wufoo.com,Female,129.48.149.139
204,Gregory,Spencer,gspencer5n@skyrock.com,Male,81.4.87.220
205,Jessica,Stewart,jstewart5o@sciencedirect.com,Female,78.196.161.144
206,Walter,Turner,wturner5p@yahoo.com,Male,189.255.141.125
207,Ernest,Sims,esims5q@cnet.com,Male,88.92.242.125
208,Matthew,Black,mblack5r@gravatar.com,Male,165.125.212.169
209,Justin,Carr,jcarr5s@un.org,Male,63.60.184.105
210,Theresa,Fisher,tfisher5t@digg.com,Female,240.239.83.78
211,Jack,Morris,jmorris5u@squarespace.com,Male,145.46.248.139
212,Richard,Chapman,rchapman5v@ask.com,Male,188.49.38.197
213,Shirley,Young,syoung5w@narod.ru,Female,209.132.217.191
214,Susan,Ruiz,sruiz5x@flavors.me,Female,77.1.166.188
215,Phyllis,Foster,pfoster5y@mtv.com,Female,120.139.11.226
216,Antonio,Sims,asims5z@yolasite.com,Male,66.248.154.94
217,Kathryn,Boyd,kboyd60@dailymail.co.uk,Female,140.40.10.158
218,Randy,Chavez,rchavez61@cbc.ca,Male,134.128.111.139
219,Michael,Watkins,mwatkins62@nifty.com,Male,80.200.35.75
220,Ernest,Montgomery,emontgomery63@gov.uk,Male,4.119.200.176
221,Louise,Lewis,llewis64@economist.com,Female,117.84.175.93
222,Adam,Griffin,agriffin65@chicagotribune.com,Male,84.30.177.188
223,Sharon,Fowler,sfowler66@free.fr,Female,223.155.247.44
224,Jennifer,Watson,jwatson67@freewebs.com,Female,103.136.126.116
225,Melissa,Payne,mpayne68@twitter.com,Female,58.4.215.249
226,Stephen,Mcdonald,smcdonald69@nasa.gov,Male,228.234.228.221
227,George,Cook,gcook6a@altervista.org,Male,202.38.115.230
228,Michael,Morris,mmorris6b@addthis.com,Male,126.73.201.182
229,Christopher,Gomez,cgomez6c@nymag.com,Male,253.21.83.132
230,Kenneth,Boyd,kboyd6d@wunderground.com,Male,122.162.80.6
231,Samuel,Lewis,slewis6e@scribd.com,Male,194.4.208.200
232,Matthew,Campbell,mcampbell6f@tinyurl.com,Male,12.71.144.226
233,Deborah,Ramos,dramos6g@usda.gov,Female,161.57.42.158
234,Gregory,Ramirez,gramirez6h@sciencedirect.com,Male,61.87.158.35
235,Maria,Harper,mharper6i@nifty.com,Female,142.242.242.62
236,Carlos,Knight,cknight6j@cdbaby.com,Male,56.112.158.100
237,Harold,Payne,hpayne6k@google.pl,Male,33.238.148.47
238,Julie,Howard,jhoward6l@soup.io,Female,236.213.192.80
239,Gerald,Larson,glarson6m@timesonline.co.uk,Male,56.117.24.72
240,Kimberly,Tucker,ktucker6n@shop-pro.jp,Female,216.154.128.79
241,Jeremy,Kelly,jkelly6o@symantec.com,Male,12.185.138.109
242,Steve,Frazier,sfrazier6p@skype.com,Male,219.52.199.108
243,Jeffrey,Burton,jburton6q@earthlink.net,Male,30.105.49.255
244,Alan,Morgan,amorgan6r@vinaora.com,Male,18.151.95.41
245,Ralph,Ford,rford6s@parallels.com,Male,69.79.152.32
246,Doris,Wright,dwright6t@chronoengine.com,Female,2.204.66.8
247,Larry,Murray,lmurray6u@typepad.com,Male,200.220.17.70
248,Harry,Henderson,hhenderson6v@artisteer.com,Male,162.4.57.99
249,Paul,Castillo,pcastillo6w@artisteer.com,Male,141.251.105.2
250,Barbara,Griffin,bgriffin6x@cdc.gov,Female,223.206.211.130
251,Carol,Porter,cporter6y@statcounter.com,Female,181.203.68.111
252,Ryan,Hart,rhart6z@domainmarket.com,Male,66.100.95.52
253,Gregory,Myers,gmyers70@oakley.com,Male,0.48.253.99
254,Louise,Stone,lstone71@elegantthemes.com,Female,120.39.234.120
255,Randy,Fisher,rfisher72@artisteer.com,Male,80.94.92.54
256,Fred,Cruz,fcruz73@businessinsider.com,Male,72.198.51.44
257,Charles,Fisher,cfisher74@seesaa.net,Male,156.85.221.11
258,Anna,Moore,amoore75@theatlantic.com,Female,170.104.214.69
259,Louise,Gutierrez,lgutierrez76@indiatimes.com,Female,177.232.169.36
260,Jose,White,jwhite77@go.com,Male,140.133.232.10
261,Paula,Stone,pstone78@cbsnews.com,Female,0.226.1.185
262,Carolyn,Lawrence,clawrence79@sitemeter.com,Female,87.241.138.141
263,Arthur,Stanley,astanley7a@comsenz.com,Male,191.161.223.243
264,Fred,Cox,fcox7b@delicious.com,Male,137.119.140.234
265,Joan,Rivera,jrivera7c@microsoft.com,Female,92.209.36.149
266,Todd,Porter,tporter7d@yolasite.com,Male,180.31.182.16
267,Jack,Rose,jrose7e@skype.com,Male,130.78.140.105
268,Larry,Nguyen,lnguyen7f@ycombinator.com,Male,126.97.39.241
269,Ralph,Richards,rrichards7g@elegantthemes.com,Male,211.62.188.127
270,Barbara,Tucker,btucker7h@hexun.com,Female,231.188.155.64
271,Amanda,Parker,aparker7i@cisco.com,Female,119.32.49.230
272,Ruth,Sanchez,rsanchez7j@pcworld.com,Female,225.239.80.51
273,Brenda,Rogers,brogers7k@princeton.edu,Female,102.141.115.9
274,Lois,Butler,lbutler7l@buzzfeed.com,Female,220.78.212.135
275,Jennifer,Diaz,jdiaz7m@etsy.com,Female,171.80.164.94
276,Ernest,Pierce,epierce7n@mail.ru,Male,33.149.166.123
277,Emily,Day,eday7o@xing.com,Female,47.245.230.142
278,Linda,Reed,lreed7p@biglobe.ne.jp,Female,225.80.33.123
279,Tina,Crawford,tcrawford7q@patch.com,Female,7.49.161.221
280,Irene,Barnes,ibarnes7r@godaddy.com,Female,144.20.60.57
281,Shirley,Lopez,slopez7s@house.gov,Female,107.20.44.163
282,Theresa,Castillo,tcastillo7t@ft.com,Female,210.227.222.105
283,Pamela,Turner,pturner7u@slashdot.org,Female,110.232.212.25
284,Theresa,Ray,tray7v@noaa.gov,Female,232.114.221.225
285,Brandon,Brown,bbrown7w@wikimedia.org,Male,96.68.7.237
286,Bonnie,Gonzalez,bgonzalez7x@feedburner.com,Female,148.5.170.203
287,Steven,Garza,sgarza7y@addtoany.com,Male,247.114.238.178
288,Virginia,Greene,vgreene7z@imgur.com,Female,42.113.38.0
289,Lawrence,Bryant,lbryant80@instagram.com,Male,88.5.5.254
290,Julia,Rogers,jrogers81@theatlantic.com,Female,18.135.128.116
291,Raymond,Williamson,rwilliamson82@hud.gov,Male,149.13.185.19
292,Peter,Romero,promero83@hao123.com,Male,121.79.166.74
293,Kathryn,Mason,kmason84@epa.gov,Female,61.186.118.59
294,Helen,Fernandez,hfernandez85@miibeian.gov.cn,Female,120.68.234.53
295,Ryan,Morales,rmorales86@guardian.co.uk,Male,14.71.73.82
296,Lori,Hudson,lhudson87@princeton.edu,Female,56.242.79.123
297,Harold,Freeman,hfreeman88@4shared.com,Male,35.108.183.226
298,Christine,Romero,cromero89@ucoz.com,Female,178.72.23.44
299,Lori,Johnston,ljohnston8a@noaa.gov,Female,233.226.96.1
300,Frank,Coleman,fcoleman8b@xinhuanet.com,Male,78.156.130.162
301,Betty,Kim,bkim8c@liveinternet.ru,Female,101.114.168.184
302,Terry,Mitchell,tmitchell8d@about.me,Male,226.93.62.158
303,Melissa,Smith,msmith8e@scribd.com,Female,148.198.146.122
304,Janice,Kelley,jkelley8f@cbslocal.com,Female,214.67.255.119
305,Randy,Perry,rperry8g@sciencedirect.com,Male,179.121.220.194
306,Barbara,Ward,bward8h@seesaa.net,Female,188.243.100.12
307,Norma,Riley,nriley8i@yale.edu,Female,246.87.157.70
308,Julie,Burton,jburton8j@qq.com,Female,226.126.73.103
309,Nicole,Tucker,ntucker8k@weibo.com,Female,143.155.217.227
310,Keith,Wallace,kwallace8l@state.tx.us,Male,91.120.157.107
311,Aaron,Hanson,ahanson8m@loc.gov,Male,222.90.170.91
312,James,Murphy,jmurphy8n@linkedin.com,Male,84.176.187.205
313,Jennifer,Riley,jriley8o@dmoz.org,Female,8.119.7.79
314,Mildred,Garcia,mgarcia8p@europa.eu,Female,125.173.177.207
315,Mark,Sanchez,msanchez8q@disqus.com,Male,11.115.106.62
316,Benjamin,Gordon,bgordon8r@phpbb.com,Male,204.0.228.0
317,Fred,Ferguson,fferguson8s@imageshack.us,Male,34.118.237.247
318,Mark,Hernandez,mhernandez8t@unblog.fr,Male,151.186.190.71
319,Pamela,Burns,pburns8u@friendfeed.com,Female,181.234.210.92
320,Raymond,Elliott,relliott8v@bbc.co.uk,Male,182.208.87.194
321,Thomas,Greene,tgreene8w@cocolog-nifty.com,Male,134.141.80.112
322,Nicholas,Simmons,nsimmons8x@earthlink.net,Male,225.41.113.231
323,Dorothy,Dunn,ddunn8y@sourceforge.net,Female,198.213.150.117
324,Bobby,Jordan,bjordan8z@altervista.org,Male,183.122.77.138
325,Melissa,Morgan,mmorgan90@printfriendly.com,Female,136.187.47.229
326,Christine,Owens,cowens91@accuweather.com,Female,241.88.201.73
327,Joshua,Bell,jbell92@domainmarket.com,Male,153.100.157.25
328,Sandra,Mitchell,smitchell93@psu.edu,Female,0.253.104.25
329,Aaron,Arnold,aarnold94@opera.com,Male,163.163.100.164
330,James,Simpson,jsimpson95@indiatimes.com,Male,24.120.167.199
331,Judith,Welch,jwelch96@com.com,Female,39.45.25.53
332,Helen,Roberts,hroberts97@va.gov,Female,34.196.41.92
333,Shawn,Jordan,sjordan98@baidu.com,Male,51.179.156.161
334,Steve,Frazier,sfrazier99@uiuc.edu,Male,19.160.93.254
335,Willie,Warren,wwarren9a@php.net,Male,179.88.250.71
336,Susan,Smith,ssmith9b@google.com.hk,Female,58.137.174.100
337,Virginia,Johnston,vjohnston9c@blogger.com,Female,137.44.132.118
338,Lawrence,Fernandez,lfernandez9d@usda.gov,Male,215.179.177.58
339,Kenneth,Alexander,kalexander9e@sun.com,Male,29.97.45.104
340,Michael,Lee,mlee9f@scribd.com,Male,137.75.88.143
341,Ruby,Riley,rriley9g@zimbio.com,Female,89.246.158.60
342,Martin,Patterson,mpatterson9h@jalbum.net,Male,71.167.192.57
343,Doris,Barnes,dbarnes9i@answers.com,Female,213.60.170.13
344,Thomas,Holmes,tholmes9j@w3.org,Male,155.223.59.0
345,Maria,Ford,mford9k@amazon.co.jp,Female,66.20.123.146
346,Lillian,Martin,lmartin9l@altervista.org,Female,217.252.207.231
347,George,Dean,gdean9m@time.com,Male,88.38.34.100
348,Arthur,Hernandez,ahernandez9n@naver.com,Male,87.230.81.206
349,Jesse,Foster,jfoster9o@sina.com.cn,Male,89.152.89.148
350,Theresa,Ford,tford9p@nbcnews.com,Female,178.119.121.74
351,Karen,Washington,kwashington9q@craigslist.org,Female,108.197.153.117
352,Victor,Gordon,vgordon9r@imdb.com,Male,251.231.42.217
353,Tammy,Rice,trice9s@google.com.hk,Female,102.49.33.79
354,Earl,Dunn,edunn9t@friendfeed.com,Male,38.173.200.126
355,Michael,Gutierrez,mgutierrez9u@china.com.cn,Male,124.137.171.132
356,Annie,Roberts,aroberts9v@princeton.edu,Female,127.244.230.243
357,Jose,Robinson,jrobinson9w@ox.ac.uk,Male,98.85.196.22
358,Karen,Barnes,kbarnes9x@goo.gl,Female,151.53.228.5
359,Albert,Hudson,ahudson9y@themeforest.net,Male,52.60.205.50
360,Doris,Watkins,dwatkins9z@google.com.br,Female,85.215.193.23
361,Steven,Lane,slanea0@marketwatch.com,Male,130.52.86.208
362,Andrew,Wright,awrighta1@ning.com,Male,105.173.88.112
363,Lawrence,Freeman,lfreemana2@usda.gov,Male,231.164.131.144
364,Roy,Wells,rwellsa3@time.com,Male,48.162.166.7
365,Angela,Weaver,aweavera4@upenn.edu,Female,199.159.216.82
366,Sarah,Parker,sparkera5@live.com,Female,197.78.61.229
367,Heather,Simmons,hsimmonsa6@networksolutions.com,Female,207.4.11.15
368,Steven,Bell,sbella7@weibo.com,Male,221.103.86.119
369,Fred,Powell,fpowella8@samsung.com,Male,28.140.34.80
370,Antonio,Rose,arosea9@ucla.edu,Male,60.135.53.83
371,Tammy,Allen,tallenaa@chronoengine.com,Female,171.137.162.213
372,Philip,Ellis,pellisab@godaddy.com,Male,245.44.187.209
373,Margaret,Fox,mfoxac@theglobeandmail.com,Female,243.124.109.181
374,Willie,Alexander,walexanderad@vkontakte.ru,Male,193.168.190.111
375,Joseph,Patterson,jpattersonae@wordpress.org,Male,22.198.25.63
376,Phillip,Hawkins,phawkinsaf@ca.gov,Male,95.58.72.183
377,Andrea,Myers,amyersag@admin.ch,Female,215.158.100.13
378,Anna,Burns,aburnsah@nps.gov,Female,132.218.232.187
379,Ruby,Hicks,rhicksai@rakuten.co.jp,Female,6.205.175.230
380,Cheryl,Barnes,cbarnesaj@drupal.org,Female,127.107.140.203
381,Larry,Miller,lmillerak@com.com,Male,51.84.122.244
382,Janice,Fernandez,jfernandezal@cocolog-nifty.com,Female,137.90.199.10
383,Kimberly,Barnes,kbarnesam@webeden.co.uk,Female,137.253.67.104
384,Richard,Armstrong,rarmstrongan@theguardian.com,Male,234.251.71.145
385,Denise,Kim,dkimao@aboutads.info,Female,53.83.8.7
386,Pamela,Tucker,ptuckerap@yahoo.co.jp,Female,124.84.140.184
387,Helen,Webb,hwebbaq@ebay.co.uk,Female,69.227.244.108
388,Doris,Wagner,dwagnerar@angelfire.com,Female,32.199.207.110
389,Clarence,King,ckingas@i2i.jp,Male,68.202.0.217
390,Jose,Perkins,jperkinsat@ucla.edu,Male,31.157.148.32
391,Chris,Wells,cwellsau@census.gov,Male,131.50.157.107
392,Alice,Boyd,aboydav@google.pl,Female,84.248.79.148
393,Harold,Richards,hrichardsaw@themeforest.net,Male,214.71.68.46
394,Rebecca,Day,rdayax@nifty.com,Female,131.228.87.82
395,Heather,Martinez,hmartinezay@dion.ne.jp,Female,194.12.86.230
396,Julie,Ford,jfordaz@netlog.com,Female,241.45.44.40
397,Marilyn,Clark,mclarkb0@ed.gov,Female,114.74.50.249
398,Robin,Kim,rkimb1@oaic.gov.au,Female,138.188.10.99
399,Ann,Cox,acoxb2@soup.io,Female,45.19.166.139
400,Marie,Webb,mwebbb3@paginegialle.it,Female,162.25.144.75
401,Joan,Gonzales,jgonzalesb4@mail.ru,Female,169.240.205.128
402,Keith,Moreno,kmorenob5@amazon.de,Male,188.39.64.163
403,Christina,Mills,cmillsb6@pbs.org,Female,197.157.246.157
404,Carlos,Hunter,chunterb7@opera.com,Male,197.79.116.128
405,Betty,Lane,blaneb8@technorati.com,Female,61.14.79.248
406,Harold,Henry,hhenryb9@pinterest.com,Male,14.82.246.26
407,Aaron,Riley,arileyba@tamu.edu,Male,26.49.130.12
408,Doris,Jacobs,djacobsbb@illinois.edu,Female,99.177.23.191
409,George,Tucker,gtuckerbc@upenn.edu,Male,121.124.50.177
410,Peter,Perkins,pperkinsbd@sciencedaily.com,Male,225.94.5.192
411,Charles,Fernandez,cfernandezbe@cam.ac.uk,Male,225.235.202.241
412,Kathleen,Ford,kfordbf@tamu.edu,Female,224.89.177.86
413,Frances,Howell,fhowellbg@bravesites.com,Female,12.137.130.244
414,Rebecca,Edwards,redwardsbh@tinyurl.com,Female,132.128.80.121
415,Norma,Armstrong,narmstrongbi@loc.gov,Female,232.111.173.82
416,Stephen,Mills,smillsbj@hao123.com,Male,188.169.166.177
417,Charles,Sanders,csandersbk@scientificamerican.com,Male,219.71.195.44
418,Evelyn,Cox,ecoxbl@aboutads.info,Female,91.67.82.23
419,Frances,Nichols,fnicholsbm@skyrock.com,Female,145.84.192.146
420,Dennis,Harrison,dharrisonbn@t.co,Male,194.135.207.214
421,Roy,Fox,rfoxbo@wired.com,Male,87.121.228.27
422,Martha,Foster,mfosterbp@google.nl,Female,2.206.3.129
423,Willie,Foster,wfosterbq@pagesperso-orange.fr,Male,108.255.108.147
424,Anna,Marshall,amarshallbr@hao123.com,Female,55.213.150.175
425,Walter,Gardner,wgardnerbs@about.me,Male,80.66.5.89
426,Gerald,Matthews,gmatthewsbt@home.pl,Male,124.162.227.102
427,Henry,Dixon,hdixonbu@time.com,Male,234.204.241.4
428,Denise,Day,ddaybv@omniture.com,Female,35.126.108.250
429,Anthony,Simpson,asimpsonbw@dion.ne.jp,Male,114.166.52.70
430,Christopher,Cooper,ccooperbx@aol.com,Male,195.189.224.75
431,Patrick,Reyes,preyesby@yolasite.com,Male,116.116.157.121
432,Chris,Harvey,charveybz@51.la,Male,22.2.99.110
433,Matthew,Cole,mcolec0@senate.gov,Male,61.133.89.212
434,Keith,Alexander,kalexanderc1@boston.com,Male,100.107.194.48
435,Shawn,Harrison,sharrisonc2@geocities.jp,Male,143.136.162.175
436,Deborah,Stephens,dstephensc3@symantec.com,Female,104.3.9.191
437,Joseph,Wallace,jwallacec4@google.cn,Male,99.222.131.117
438,Lawrence,Olson,lolsonc5@nationalgeographic.com,Male,172.52.117.183
439,Melissa,Watkins,mwatkinsc6@nature.com,Female,98.180.209.216
440,Jessica,Larson,jlarsonc7@umich.edu,Female,16.169.21.11
441,Wanda,Mendoza,wmendozac8@paypal.com,Female,13.29.70.24
442,Barbara,Cruz,bcruzc9@diigo.com,Female,13.47.97.71
443,Timothy,Richardson,trichardsonca@blogspot.com,Male,93.244.61.105
444,Dennis,Owens,dowenscb@weebly.com,Male,3.147.249.210
445,Frank,Anderson,fandersoncc@ebay.com,Male,46.71.146.214
446,Lori,Stephens,lstephenscd@spotify.com,Female,170.86.20.140
447,Philip,Mendoza,pmendozace@webnode.com,Male,144.207.57.27
448,Michael,Nichols,mnicholscf@chicagotribune.com,Male,141.169.121.212
449,Paul,Matthews,pmatthewscg@odnoklassniki.ru,Male,15.164.176.251
450,Anthony,Green,agreench@harvard.edu,Male,91.219.237.163
451,Brian,Watkins,bwatkinsci@youku.com,Male,148.75.33.237
452,Terry,Russell,trussellcj@myspace.com,Male,252.194.170.112
453,Michael,Lopez,mlopezck@pcworld.com,Male,74.145.172.82
454,Andrea,Bishop,abishopcl@people.com.cn,Female,16.40.122.182
455,Frances,Carr,fcarrcm@google.nl,Female,54.80.200.239
456,Wanda,Collins,wcollinscn@nih.gov,Female,31.119.103.151
457,Kimberly,Watson,kwatsonco@tmall.com,Female,112.90.42.195
458,Janice,Gonzalez,jgonzalezcp@miibeian.gov.cn,Female,129.153.121.176
459,Diane,Willis,dwilliscq@dell.com,Female,236.239.232.119
460,Heather,Green,hgreencr@wiley.com,Female,126.125.2.65
461,Steve,Butler,sbutlercs@foxnews.com,Male,41.248.89.254
462,Aaron,Weaver,aweaverct@webmd.com,Male,147.219.13.206
463,Jason,Franklin,jfranklincu@yahoo.com,Male,11.78.26.216
464,Brandon,Williamson,bwilliamsoncv@java.com,Male,57.90.35.170
465,Carlos,Scott,cscottcw@hibu.com,Male,7.253.208.15
466,Heather,Grant,hgrantcx@merriam-webster.com,Female,4.107.218.207
467,Keith,Nichols,knicholscy@statcounter.com,Male,82.95.25.149
468,Lori,Austin,laustincz@spotify.com,Female,42.67.97.105
469,Debra,Willis,dwillisd0@archive.org,Female,234.201.158.19
470,Elizabeth,Ross,erossd1@msu.edu,Female,57.224.4.163
471,Kathy,Banks,kbanksd2@rakuten.co.jp,Female,254.223.154.158
472,Christine,Campbell,ccampbelld3@pcworld.com,Female,23.135.196.38
473,Justin,Martinez,jmartinezd4@latimes.com,Male,48.116.84.181
474,Jean,Williamson,jwilliamsond5@comsenz.com,Female,19.4.106.36
475,Jason,Ortiz,jortizd6@ocn.ne.jp,Male,75.15.49.128
476,Cheryl,Alexander,calexanderd7@hud.gov,Female,13.43.217.89
477,Nicholas,Murphy,nmurphyd8@flavors.me,Male,109.73.108.73
478,David,Jones,djonesd9@ft.com,Male,68.172.159.114
479,Marie,Reed,mreedda@tamu.edu,Female,160.35.206.206
480,Brandon,Pierce,bpiercedb@google.com,Male,62.92.171.179
481,Thomas,Stanley,tstanleydc@archive.org,Male,236.234.93.51
482,Roy,Lawrence,rlawrencedd@abc.net.au,Male,76.55.226.55
483,Joan,Crawford,jcrawfordde@yale.edu,Female,150.113.221.57
484,Heather,Schmidt,hschmidtdf@microsoft.com,Female,108.138.77.220
485,Frank,Jenkins,fjenkinsdg@blogtalkradio.com,Male,46.66.128.51
486,Kathy,Lynch,klynchdh@freewebs.com,Female,78.113.130.184
487,Donna,Kelley,dkelleydi@pbs.org,Female,183.68.71.151
488,Antonio,Hawkins,ahawkinsdj@weather.com,Male,163.144.79.130
489,Betty,Richards,brichardsdk@hexun.com,Female,250.11.178.31
490,Frances,Tucker,ftuckerdl@uiuc.edu,Female,249.182.134.57
491,John,Campbell,jcampbelldm@yahoo.com,Male,194.64.140.60
492,Matthew,Fox,mfoxdn@prnewswire.com,Male,254.36.178.180
493,Roy,Payne,rpaynedo@about.me,Male,9.146.181.14
494,Betty,Walker,bwalkerdp@unicef.org,Female,250.12.150.170
495,Victor,Tucker,vtuckerdq@webnode.com,Male,153.121.95.13
496,Janice,Hunter,jhunterdr@msu.edu,Female,207.239.122.155
497,Shawn,Gardner,sgardnerds@paypal.com,Male,239.109.178.62
498,Carlos,Reynolds,creynoldsdt@cbsnews.com,Male,143.43.233.53
499,Brenda,Rivera,briveradu@taobao.com,Female,70.82.67.18
500,Barbara,Howell,bhowelldv@nationalgeographic.com,Female,12.90.221.245
501,Edward,Holmes,eholmesdw@etsy.com,Male,228.39.174.215
502,Nicholas,Peterson,npetersondx@creativecommons.org,Male,205.112.90.100
503,Betty,Henry,bhenrydy@clickbank.net,Female,157.40.2.132
504,Paul,Hicks,phicksdz@opensource.org,Male,57.67.150.52
505,Dennis,Lopez,dlopeze0@cisco.com,Male,132.53.143.147
506,Patrick,Dixon,pdixone1@wikia.com,Male,175.130.98.140
507,Beverly,Owens,bowense2@si.edu,Female,19.30.144.183
508,Martha,Gardner,mgardnere3@yahoo.co.jp,Female,118.219.105.1
509,Todd,Fisher,tfishere4@photobucket.com,Male,169.166.8.195
510,Michael,Stephens,mstephense5@joomla.org,Male,15.241.0.209
511,Nicholas,Thompson,nthompsone6@constantcontact.com,Male,187.84.29.174
512,Dorothy,Wood,dwoode7@un.org,Female,105.212.24.136
513,Annie,Grant,agrante8@bravesites.com,Female,174.176.223.172
514,John,Burns,jburnse9@pen.io,Male,21.12.199.167
515,Dennis,Ray,drayea@networksolutions.com,Male,76.157.227.124
516,Kenneth,Burton,kburtoneb@linkedin.com,Male,117.136.208.113
517,Jane,Mills,jmillsec@ovh.net,Female,13.231.161.119
518,Marilyn,Daniels,mdanielsed@oakley.com,Female,210.175.228.160
519,Lisa,Jenkins,ljenkinsee@amazon.com,Female,194.123.88.211
520,Randy,Lane,rlaneef@nps.gov,Male,190.172.3.230
521,Dennis,Hanson,dhansoneg@seesaa.net,Male,43.164.18.194
522,Anna,Hawkins,ahawkinseh@tripod.com,Female,140.231.99.174
523,Patrick,Hanson,phansonei@google.com.au,Male,167.236.99.142
524,Diane,Walker,dwalkerej@e-recht24.de,Female,221.245.70.212
525,Judith,Perez,jperezek@yahoo.co.jp,Female,59.236.41.38
526,Kathleen,Brooks,kbrooksel@tripod.com,Female,242.108.131.219
527,Jason,Diaz,jdiazem@sakura.ne.jp,Male,251.10.69.40
528,Carolyn,Andrews,candrewsen@hud.gov,Female,145.102.90.33
529,Pamela,Diaz,pdiazeo@mayoclinic.com,Female,59.69.142.113
530,Harold,Gonzalez,hgonzalezep@slate.com,Male,98.214.126.47
531,Donald,Riley,drileyeq@businesswire.com,Male,184.66.208.246
532,Phillip,Moreno,pmorenoer@time.com,Male,16.88.215.92
533,Michelle,Price,mpricees@about.com,Female,11.210.209.152
534,Arthur,Banks,abankset@washingtonpost.com,Male,104.2.62.42
535,Carl,Martin,cmartineu@senate.gov,Male,246.155.159.55
536,Earl,Matthews,ematthewsev@nationalgeographic.com,Male,126.171.97.93
537,Nancy,Woods,nwoodsew@china.com.cn,Female,78.5.23.20
538,Lori,Jordan,ljordanex@freewebs.com,Female,159.53.168.98
539,Jeremy,Berry,jberryey@ning.com,Male,10.71.158.211
540,Raymond,Cox,rcoxez@google.nl,Male,111.198.191.79
541,Paula,Rose,prosef0@state.tx.us,Female,142.116.156.95
542,Chris,Collins,ccollinsf1@sourceforge.net,Male,234.150.110.158
543,Rachel,Nguyen,rnguyenf2@sourceforge.net,Female,160.214.227.158
544,Lawrence,Palmer,lpalmerf3@apple.com,Male,15.70.17.98
545,Linda,Hicks,lhicksf4@cnet.com,Female,189.35.210.113
546,Beverly,Cunningham,bcunninghamf5@theglobeandmail.com,Female,73.196.6.240
547,Richard,Mccoy,rmccoyf6@tripadvisor.com,Male,138.81.202.80
548,Gloria,Chavez,gchavezf7@engadget.com,Female,21.26.31.29
549,Larry,Knight,lknightf8@prweb.com,Male,171.6.252.78
550,Judith,Wallace,jwallacef9@bbb.org,Female,194.203.142.223
551,Stephanie,Woods,swoodsfa@wunderground.com,Female,28.111.52.31
552,Jacqueline,Myers,jmyersfb@ifeng.com,Female,130.138.90.73
553,Christina,George,cgeorgefc@cdc.gov,Female,164.241.238.154
554,Raymond,Reed,rreedfd@huffingtonpost.com,Male,201.100.118.64
555,Stephen,Lane,slanefe@biblegateway.com,Male,102.255.249.121
556,Raymond,Harvey,rharveyff@aboutads.info,Male,230.243.36.197
557,Charles,Moore,cmoorefg@wsj.com,Male,88.137.25.14
558,Christopher,Nguyen,cnguyenfh@twitpic.com,Male,232.180.183.234
559,Janet,Harper,jharperfi@berkeley.edu,Female,232.100.49.114
560,Richard,Chavez,rchavezfj@slashdot.org,Male,57.65.142.242
561,Raymond,Frazier,rfrazierfk@mail.ru,Male,222.32.216.130
562,Joshua,Mcdonald,jmcdonaldfl@alexa.com,Male,86.154.236.55
563,Donald,Ross,drossfm@usa.gov,Male,247.181.192.160
564,Cynthia,Black,cblackfn@weebly.com,Female,29.124.176.131
565,Margaret,Chapman,mchapmanfo@cornell.edu,Female,165.106.153.189
566,Jeffrey,Moore,jmoorefp@ebay.com,Male,99.142.80.248
567,Nicholas,Reed,nreedfq@japanpost.jp,Male,179.207.165.8
568,Benjamin,Stevens,bstevensfr@people.com.cn,Male,123.128.1.50
569,Kathy,Reynolds,kreynoldsfs@simplemachines.org,Female,213.41.228.131
570,Thomas,Myers,tmyersft@netscape.com,Male,135.58.244.8
571,Cynthia,Kelley,ckelleyfu@spiegel.de,Female,84.250.112.170
572,Jerry,Rodriguez,jrodriguezfv@bloomberg.com,Male,206.7.107.19
573,Teresa,Little,tlittlefw@scientificamerican.com,Female,139.243.40.233
574,Anne,Hawkins,ahawkinsfx@loc.gov,Female,240.237.117.144
575,Joyce,White,jwhitefy@parallels.com,Female,171.100.219.225
576,Mark,Johnston,mjohnstonfz@irs.gov,Male,190.233.117.56
577,Jessica,Edwards,jedwardsg0@ycombinator.com,Female,107.30.45.181
578,Scott,Sullivan,ssullivang1@engadget.com,Male,169.223.225.159
579,Margaret,Black,mblackg2@devhub.com,Female,76.54.232.61
580,Willie,Flores,wfloresg3@nbcnews.com,Male,7.220.6.156
581,Teresa,Burke,tburkeg4@skype.com,Female,20.250.232.58
582,Kenneth,Schmidt,kschmidtg5@netscape.com,Male,228.236.155.72
583,Michael,Peterson,mpetersong6@nasa.gov,Male,146.21.157.31
584,Benjamin,Young,byoungg7@apache.org,Male,52.100.19.174
585,Frank,Foster,ffosterg8@infoseek.co.jp,Male,159.220.91.173
586,Brandon,Hanson,bhansong9@reuters.com,Male,146.32.211.102
587,George,Carr,gcarrga@linkedin.com,Male,17.79.167.160
588,Lillian,Russell,lrussellgb@senate.gov,Female,49.113.174.204
589,Phillip,Cruz,pcruzgc@goo.ne.jp,Male,33.213.156.229
590,Sara,Dixon,sdixongd@twitter.com,Female,235.63.91.239
591,Peter,George,pgeorgege@dailymotion.com,Male,226.115.116.33
592,Maria,Brooks,mbrooksgf@mail.ru,Female,225.21.100.89
593,Mildred,Morgan,mmorgangg@princeton.edu,Female,239.42.169.61
594,Melissa,Mccoy,mmccoygh@yahoo.co.jp,Female,37.155.57.170
595,Todd,Davis,tdavisgi@ihg.com,Male,205.199.38.200
596,Dorothy,Russell,drussellgj@epa.gov,Female,135.207.197.249
597,Sharon,Brown,sbrowngk@springer.com,Female,47.232.100.138
598,Marie,Price,mpricegl@topsy.com,Female,43.44.176.193
599,Michael,Moore,mmooregm@soup.io,Male,60.133.5.195
600,Kelly,Reynolds,kreynoldsgn@harvard.edu,Female,208.154.171.219
601,Gary,Wright,gwrightgo@washingtonpost.com,Male,233.53.53.96
602,Angela,Turner,aturnergp@odnoklassniki.ru,Female,14.23.151.167
603,Roger,Harrison,rharrisongq@thetimes.co.uk,Male,93.98.197.87
604,Earl,Garcia,egarciagr@drupal.org,Male,50.127.169.98
605,Jean,Brooks,jbrooksgs@techcrunch.com,Female,146.43.170.61
606,Catherine,Adams,cadamsgt@apache.org,Female,52.83.123.206
607,Amy,Gonzalez,agonzalezgu@imdb.com,Female,189.225.154.199
608,Norma,Lopez,nlopezgv@miitbeian.gov.cn,Female,72.196.195.150
609,Gloria,Greene,ggreenegw@meetup.com,Female,241.13.244.53
610,Gerald,Moreno,gmorenogx@bbb.org,Male,171.32.209.210
611,Gerald,Jordan,gjordangy@mapy.cz,Male,94.189.21.16
612,Robert,Sanders,rsandersgz@exblog.jp,Male,138.83.184.123
613,Donna,Duncan,dduncanh0@hao123.com,Female,213.170.55.109
614,Joyce,Bowman,jbowmanh1@springer.com,Female,63.245.65.114
615,Rachel,Edwards,redwardsh2@rakuten.co.jp,Female,247.136.65.210
616,Nancy,Hansen,nhansenh3@webnode.com,Female,70.84.16.78
617,Ashley,Carter,acarterh4@oakley.com,Female,67.112.54.160
618,Jerry,Morrison,jmorrisonh5@wp.com,Male,8.144.131.105
619,Patrick,Williams,pwilliamsh6@stanford.edu,Male,164.237.243.214
620,Christine,Gomez,cgomezh7@google.it,Female,247.110.244.17
621,Nicole,Hamilton,nhamiltonh8@cpanel.net,Female,171.167.245.38
622,Peter,Matthews,pmatthewsh9@people.com.cn,Male,89.242.169.217
623,Rose,Carpenter,rcarpenterha@ehow.com,Female,47.42.55.85
624,Janet,Henry,jhenryhb@wp.com,Female,218.141.118.111
625,Raymond,Hicks,rhickshc@chicagotribune.com,Male,101.38.161.149
626,Russell,Harrison,rharrisonhd@comcast.net,Male,77.79.5.55
627,Jane,Meyer,jmeyerhe@mit.edu,Female,11.210.231.136
628,Sharon,Miller,smillerhf@epa.gov,Female,21.130.47.166
629,Judith,Wood,jwoodhg@ocn.ne.jp,Female,80.197.106.70
630,Steve,Mason,smasonhh@imageshack.us,Male,255.107.125.164
631,Denise,Bailey,dbaileyhi@omniture.com,Female,88.154.246.102
632,Jessica,Hernandez,jhernandezhj@ycombinator.com,Female,238.202.212.249
633,Robert,Olson,rolsonhk@cnet.com,Male,105.176.68.211
634,Norma,Jordan,njordanhl@mtv.com,Female,169.142.171.4
635,Beverly,Gomez,bgomezhm@reuters.com,Female,192.130.228.129
636,Joe,Clark,jclarkhn@jimdo.com,Male,145.155.204.217
637,Alan,Clark,aclarkho@sitemeter.com,Male,195.110.93.119
638,Kimberly,Banks,kbankshp@lulu.com,Female,195.52.140.209
639,Clarence,Jordan,cjordanhq@pbs.org,Male,102.54.112.217
640,Tina,Chavez,tchavezhr@alibaba.com,Female,122.111.252.46
641,Robert,Warren,rwarrenhs@statcounter.com,Male,223.126.208.244
642,Edward,Webb,ewebbht@t.co,Male,73.192.75.10
643,Theresa,Simmons,tsimmonshu@ed.gov,Female,74.45.252.54
644,Shawn,King,skinghv@marketwatch.com,Male,80.155.78.182
645,Mark,Franklin,mfranklinhw@ed.gov,Male,14.27.125.237
646,Gary,Cox,gcoxhx@craigslist.org,Male,65.111.123.186
647,John,Grant,jgranthy@wp.com,Male,140.24.209.126
648,Andrea,Daniels,adanielshz@ed.gov,Female,27.5.122.181
649,Kelly,Scott,kscotti0@wired.com,Female,250.17.130.160
650,Lois,Frazier,lfrazieri1@networksolutions.com,Female,52.38.177.24
651,Tammy,Wheeler,twheeleri2@alexa.com,Female,95.6.243.120
652,Russell,Dixon,rdixoni3@mlb.com,Male,115.150.128.144
653,Janice,Garza,jgarzai4@chron.com,Female,82.42.253.137
654,Laura,Ramirez,lramirezi5@amazon.de,Female,142.98.14.225
655,Brandon,Perez,bperezi6@pbs.org,Male,208.83.247.231
656,Cynthia,Bishop,cbishopi7@meetup.com,Female,27.161.84.129
657,Juan,Stevens,jstevensi8@weebly.com,Male,110.228.158.47
658,Tina,Cunningham,tcunninghami9@google.fr,Female,204.148.66.158
659,Theresa,Arnold,tarnoldia@npr.org,Female,146.157.209.143
660,Kathryn,Hanson,khansonib@gizmodo.com,Female,233.93.243.26
661,Wanda,Alvarez,walvarezic@ted.com,Female,19.114.66.163
662,James,Martin,jmartinid@narod.ru,Male,198.88.175.193
663,Virginia,Cunningham,vcunninghamie@cornell.edu,Female,40.15.212.209
664,Frank,Evans,fevansif@businesswire.com,Male,233.121.175.227
665,Samuel,Phillips,sphillipsig@chronoengine.com,Male,17.81.22.133
666,Julia,Wheeler,jwheelerih@eventbrite.com,Female,243.250.15.123
667,Patricia,Hughes,phughesii@nytimes.com,Female,156.2.14.254
668,Kathy,Hunt,khuntij@webmd.com,Female,6.230.90.226
669,Sharon,Young,syoungik@businessweek.com,Female,243.64.159.164
670,Aaron,Hill,ahillil@w3.org,Male,159.137.84.249
671,Raymond,Henderson,rhendersonim@narod.ru,Male,157.125.198.166
672,Justin,Smith,jsmithin@pcworld.com,Male,15.15.20.50
673,Phillip,Davis,pdavisio@edublogs.org,Male,44.115.198.178
674,Daniel,Schmidt,dschmidtip@columbia.edu,Male,92.118.161.1
675,Jack,Adams,jadamsiq@hubpages.com,Male,228.10.143.64
676,Anne,Riley,arileyir@shop-pro.jp,Female,230.251.60.33
677,Wanda,Johnston,wjohnstonis@rambler.ru,Female,28.35.28.214
678,Peter,Castillo,pcastilloit@hao123.com,Male,106.198.98.105
679,Janice,Gilbert,jgilbertiu@bandcamp.com,Female,150.26.185.250
680,Mark,Bryant,mbryantiv@sina.com.cn,Male,172.79.178.209
681,Irene,Meyer,imeyeriw@issuu.com,Female,57.28.16.158
682,Brandon,Willis,bwillisix@intel.com,Male,211.250.161.150
683,William,Johnson,wjohnsoniy@usnews.com,Male,45.125.255.5
684,Howard,Olson,holsoniz@purevolume.com,Male,110.110.134.252
685,Harry,Elliott,helliottj0@psu.edu,Male,14.76.226.77
686,Jose,Hamilton,jhamiltonj1@bandcamp.com,Male,159.230.7.110
687,Julia,James,jjamesj2@skyrock.com,Female,194.75.61.200
688,Maria,Payne,mpaynej3@123-reg.co.uk,Female,231.109.17.36
689,Phyllis,Gonzales,pgonzalesj4@soup.io,Female,105.150.4.135
690,Wayne,Collins,wcollinsj5@cnn.com,Male,221.162.180.39
691,Carol,Gonzales,cgonzalesj6@theatlantic.com,Female,218.26.221.180
692,Wayne,Gonzalez,wgonzalezj7@exblog.jp,Male,112.236.30.64
693,Harold,Webb,hwebbj8@washington.edu,Male,13.151.250.69
694,Harold,Bell,hbellj9@devhub.com,Male,48.110.97.42
695,Christine,Burke,cburkeja@wix.com,Female,75.204.70.19
696,Clarence,Ramirez,cramirezjb@barnesandnoble.com,Male,48.246.9.211
697,Sharon,White,swhitejc@gmpg.org,Female,241.47.240.56
698,Michael,Day,mdayjd@vistaprint.com,Male,46.161.63.12
699,Linda,Butler,lbutlerje@goo.gl,Female,67.77.46.182
700,Susan,Chapman,schapmanjf@dyndns.org,Female,202.54.195.108
701,Raymond,Garcia,rgarciajg@live.com,Male,72.127.172.103
702,Bobby,Nelson,bnelsonjh@facebook.com,Male,0.124.212.81
703,Christine,Stevens,cstevensji@netlog.com,Female,172.191.87.38
704,Terry,Adams,tadamsjj@washington.edu,Male,83.131.123.126
705,Evelyn,Murphy,emurphyjk@paginegialle.it,Female,65.66.128.242
706,Anna,Olson,aolsonjl@sogou.com,Female,196.181.21.18
707,Louise,Carter,lcarterjm@amazonaws.com,Female,4.146.112.143
708,Susan,Washington,swashingtonjn@miibeian.gov.cn,Female,219.161.145.230
709,Jose,Wagner,jwagnerjo@dailymotion.com,Male,24.170.97.20
710,Nancy,Riley,nrileyjp@noaa.gov,Female,211.38.234.29
711,Willie,Kennedy,wkennedyjq@wufoo.com,Male,9.193.66.207
712,Lisa,Martin,lmartinjr@squidoo.com,Female,19.221.8.108
713,Shirley,Burton,sburtonjs@eventbrite.com,Female,175.67.98.201
714,Lisa,Tucker,ltuckerjt@ted.com,Female,83.173.3.49
715,Joshua,Reed,jreedju@prnewswire.com,Male,190.225.97.11
716,Diane,Morris,dmorrisjv@weibo.com,Female,70.46.27.210
717,Sarah,Romero,sromerojw@nhs.uk,Female,119.55.127.53
718,Elizabeth,Andrews,eandrewsjx@amazon.co.uk,Female,98.233.108.105
719,Diana,Wagner,dwagnerjy@digg.com,Female,143.163.110.176
720,Eric,Austin,eaustinjz@bravesites.com,Male,153.14.103.106
721,Timothy,Richardson,trichardsonk0@foxnews.com,Male,168.91.6.227
722,Linda,Wells,lwellsk1@salon.com,Female,172.126.9.5
723,Carol,King,ckingk2@gmpg.org,Female,138.232.103.124
724,Jacqueline,Johnson,jjohnsonk3@slashdot.org,Female,153.186.28.29
725,Diane,Walker,dwalkerk4@intel.com,Female,58.245.44.225
726,Donna,Watkins,dwatkinsk5@mayoclinic.com,Female,167.38.125.245
727,Tina,Reed,treedk6@163.com,Female,53.95.21.101
728,Ryan,Rice,rricek7@nyu.edu,Male,249.90.153.79
729,Donna,Roberts,drobertsk8@psu.edu,Female,246.153.21.139
730,Betty,Bryant,bbryantk9@dropbox.com,Female,177.188.113.238
731,Gloria,Wallace,gwallaceka@sogou.com,Female,41.15.82.225
732,Sean,Daniels,sdanielskb@ocn.ne.jp,Male,246.219.85.244
733,Tammy,Perkins,tperkinskc@google.cn,Female,170.99.97.85
734,Phyllis,Flores,pfloreskd@nasa.gov,Female,0.220.53.155
735,Tina,Harper,tharperke@lulu.com,Female,80.58.31.19
736,Clarence,James,cjameskf@ed.gov,Male,2.3.91.98
737,Clarence,Gilbert,cgilbertkg@yolasite.com,Male,147.179.164.208
738,Catherine,Pierce,cpiercekh@unicef.org,Female,25.128.103.101
739,Samuel,Hudson,shudsonki@tmall.com,Male,83.150.159.234
740,Deborah,Ford,dfordkj@china.com.cn,Female,250.148.152.113
741,Billy,Baker,bbakerkk@diigo.com,Male,241.115.23.79
742,Thomas,Phillips,tphillipskl@japanpost.jp,Male,12.150.190.254
743,Kenneth,Fisher,kfisherkm@engadget.com,Male,237.17.18.138
744,Wayne,Evans,wevanskn@wp.com,Male,78.138.41.71
745,Beverly,James,bjamesko@51.la,Female,174.244.183.173
746,Margaret,Greene,mgreenekp@linkedin.com,Female,35.222.151.47
747,Bruce,West,bwestkq@wunderground.com,Male,25.125.209.100
748,Stephen,Morris,smorriskr@mayoclinic.com,Male,241.233.221.120
749,Thomas,Williams,twilliamsks@slideshare.net,Male,90.170.162.160
750,Mildred,Jackson,mjacksonkt@slate.com,Female,181.81.13.248
751,Kathy,Howard,khowardku@usa.gov,Female,218.214.155.77
752,Harry,Holmes,hholmeskv@cisco.com,Male,203.235.99.62
753,Marilyn,Phillips,mphillipskw@issuu.com,Female,19.213.33.155
754,Angela,Hernandez,ahernandezkx@pagesperso-orange.fr,Female,113.52.43.149
755,Antonio,Jackson,ajacksonky@bandcamp.com,Male,91.199.8.224
756,Gary,Banks,gbankskz@marriott.com,Male,154.128.75.28
757,Benjamin,Howard,bhowardl0@umn.edu,Male,234.208.202.220
758,Anna,Moreno,amorenol1@over-blog.com,Female,140.17.107.48
759,Lori,Snyder,lsnyderl2@ebay.co.uk,Female,140.201.178.191
760,Virginia,Stevens,vstevensl3@sfgate.com,Female,146.18.140.222
761,Kathy,Hunter,khunterl4@netvibes.com,Female,22.171.115.159
762,Shirley,Bowman,sbowmanl5@ft.com,Female,36.79.198.248
763,Harry,Mitchell,hmitchelll6@icq.com,Male,82.70.142.84
764,Jason,Armstrong,jarmstrongl7@edublogs.org,Male,60.111.8.208
765,Marilyn,Carr,mcarrl8@webmd.com,Female,57.191.50.29
766,Phillip,Ross,prossl9@cnet.com,Male,27.136.33.117
767,Paula,Fuller,pfullerla@kickstarter.com,Female,192.115.86.32
768,Christine,Williams,cwilliamslb@xinhuanet.com,Female,149.221.7.23
769,Craig,Gutierrez,cgutierrezlc@odnoklassniki.ru,Male,14.54.122.195
770,Roy,Rogers,rrogersld@umich.edu,Male,87.59.162.52
771,Rebecca,Gutierrez,rgutierrezle@wordpress.com,Female,233.163.38.184
772,Rose,Carter,rcarterlf@miitbeian.gov.cn,Female,43.90.222.230
773,Laura,Pierce,lpiercelg@webnode.com,Female,31.172.77.133
774,Jennifer,Hanson,jhansonlh@telegraph.co.uk,Female,124.42.16.236
775,Earl,Dixon,edixonli@reference.com,Male,145.72.18.88
776,Roger,Bennett,rbennettlj@forbes.com,Male,4.99.218.70
777,Stephanie,Baker,sbakerlk@a8.net,Female,186.59.81.240
778,Jason,Miller,jmillerll@sphinn.com,Male,246.160.16.255
779,Clarence,White,cwhitelm@angelfire.com,Male,114.42.210.91
780,Andrea,Morrison,amorrisonln@ask.com,Female,97.149.53.96
781,Lisa,Baker,lbakerlo@nps.gov,Female,77.87.67.179
782,Bobby,Willis,bwillislp@wikispaces.com,Male,17.178.240.111
783,Peter,Garcia,pgarcialq@si.edu,Male,121.30.243.100
784,Donna,Nichols,dnicholslr@google.ca,Female,147.206.48.117
785,Barbara,Kelley,bkelleyls@loc.gov,Female,215.122.114.166
786,Helen,Stephens,hstephenslt@latimes.com,Female,178.230.172.101
787,Douglas,Garza,dgarzalu@canalblog.com,Male,71.137.171.1
788,Daniel,Perez,dperezlv@arizona.edu,Male,162.142.183.111
789,Janice,Hernandez,jhernandezlw@irs.gov,Female,217.189.131.196
790,Roger,Sanders,rsanderslx@washington.edu,Male,203.251.6.68
791,Ernest,Carter,ecarterly@tinyurl.com,Male,219.177.34.10
792,Elizabeth,Alvarez,ealvarezlz@youtube.com,Female,222.41.215.135
793,Cheryl,Burton,cburtonm0@flavors.me,Female,41.83.131.194
794,Janet,Smith,jsmithm1@barnesandnoble.com,Female,68.10.113.58
795,Sara,Ferguson,sfergusonm2@51.la,Female,178.128.164.149
796,Ruth,Rose,rrosem3@photobucket.com,Female,104.98.89.116
797,Kevin,Howell,khowellm4@cbc.ca,Male,81.141.146.230
798,Andrea,Stanley,astanleym5@wikipedia.org,Female,212.181.203.215
799,Jonathan,Gonzales,jgonzalesm6@sina.com.cn,Male,99.86.129.65
800,Carol,Cook,ccookm7@ucla.edu,Female,134.119.19.61
801,Andrew,Peterson,apetersonm8@tiny.cc,Male,98.245.212.148
802,Teresa,Coleman,tcolemanm9@technorati.com,Female,238.61.198.91
803,Howard,Gutierrez,hgutierrezma@moonfruit.com,Male,136.159.112.97
804,Alice,Pierce,apiercemb@cbslocal.com,Female,165.201.231.22
805,Randy,Nichols,rnicholsmc@cbsnews.com,Male,124.217.103.66
806,Julia,Gardner,jgardnermd@ovh.net,Female,128.244.34.121
807,Shirley,Watkins,swatkinsme@smugmug.com,Female,125.185.105.1
808,Ruby,Myers,rmyersmf@163.com,Female,103.183.212.229
809,Christina,Gibson,cgibsonmg@google.de,Female,23.78.169.160
810,Anthony,Sims,asimsmh@hao123.com,Male,60.237.16.166
811,Bonnie,Murphy,bmurphymi@acquirethisname.com,Female,140.208.142.17
812,Julie,Perry,jperrymj@dot.gov,Female,51.96.71.18
813,Howard,Day,hdaymk@redcross.org,Male,64.239.56.167
814,Dennis,Wright,dwrightml@cocolog-nifty.com,Male,201.209.243.20
815,Jeremy,Torres,jtorresmm@alibaba.com,Male,77.43.29.131
816,Katherine,Bennett,kbennettmn@wikispaces.com,Female,110.90.55.227
817,Douglas,Mendoza,dmendozamo@toplist.cz,Male,94.210.161.24
818,Elizabeth,Powell,epowellmp@reuters.com,Female,125.159.177.32
819,Roger,Burke,rburkemq@gravatar.com,Male,93.213.252.153
820,Gerald,Nguyen,gnguyenmr@rambler.ru,Male,9.81.100.211
821,Bobby,Sanders,bsandersms@dion.ne.jp,Male,25.243.252.192
822,Catherine,Parker,cparkermt@meetup.com,Female,7.141.174.185
823,Kathryn,Howard,khowardmu@is.gd,Female,142.213.193.32
824,Ann,Simpson,asimpsonmv@nba.com,Female,174.132.214.201
825,Wayne,Mcdonald,wmcdonaldmw@nhs.uk,Male,182.198.110.78
826,Raymond,Evans,revansmx@sciencedaily.com,Male,172.237.63.54
827,Virginia,Alvarez,valvarezmy@smugmug.com,Female,198.116.95.194
828,Steve,Johnston,sjohnstonmz@privacy.gov.au,Male,55.142.75.117
829,Daniel,White,dwhiten0@twitter.com,Male,126.133.118.186
830,Cynthia,Lopez,clopezn1@mozilla.com,Female,231.191.200.247
831,Anna,Matthews,amatthewsn2@about.com,Female,8.141.242.224
832,Robin,Hunter,rhuntern3@ebay.co.uk,Female,110.54.38.64
833,Terry,Jenkins,tjenkinsn4@plala.or.jp,Male,194.247.121.130
834,Douglas,Dean,ddeann5@oakley.com,Male,48.69.216.208
835,Christopher,Henry,chenryn6@soundcloud.com,Male,207.52.16.215
836,Lawrence,Graham,lgrahamn7@github.io,Male,169.208.51.210
837,Chris,Robinson,crobinsonn8@hugedomains.com,Male,85.99.155.191
838,Janet,Spencer,jspencern9@wikispaces.com,Female,171.163.216.75
839,Elizabeth,Brooks,ebrooksna@house.gov,Female,86.143.190.142
840,Anna,Gutierrez,agutierreznb@smugmug.com,Female,199.107.137.111
841,Ryan,Mcdonald,rmcdonaldnc@xing.com,Male,54.94.244.99
842,Carl,Shaw,cshawnd@uiuc.edu,Male,168.70.246.42
843,Paul,Jackson,pjacksonne@example.com,Male,30.46.189.109
844,Wayne,Flores,wfloresnf@economist.com,Male,238.183.161.116
845,Roger,Kelly,rkellyng@godaddy.com,Male,146.2.53.149
846,Todd,Ward,twardnh@hexun.com,Male,166.62.241.204
847,Paul,Carter,pcarterni@1688.com,Male,162.103.82.21
848,Jack,Walker,jwalkernj@umich.edu,Male,122.101.79.138
849,Irene,Thompson,ithompsonnk@blogger.com,Female,43.99.213.197
850,Louise,Dean,ldeannl@weather.com,Female,53.182.208.185
851,Samuel,Gardner,sgardnernm@booking.com,Male,146.77.161.40
852,Gerald,Bradley,gbradleynn@spotify.com,Male,21.20.38.139
853,Benjamin,Elliott,belliottno@bigcartel.com,Male,92.179.129.218
854,David,Bryant,dbryantnp@google.cn,Male,170.156.209.105
855,Edward,Coleman,ecolemannq@joomla.org,Male,103.204.115.247
856,Mark,Burke,mburkenr@yahoo.com,Male,101.114.146.220
857,Joe,Collins,jcollinsns@google.fr,Male,52.211.85.250
858,Lillian,Black,lblacknt@clickbank.net,Female,54.7.132.199
859,Tammy,Ellis,tellisnu@about.me,Female,233.155.160.156
860,Samuel,Lawrence,slawrencenv@histats.com,Male,81.207.23.28
861,Gregory,Robinson,grobinsonnw@unc.edu,Male,52.65.117.188
862,Roy,Day,rdaynx@sfgate.com,Male,189.174.54.87
863,Kathryn,Perez,kperezny@privacy.gov.au,Female,69.3.205.144
864,Amanda,Gray,agraynz@blogtalkradio.com,Female,245.31.251.63
865,Donna,Stephens,dstephenso0@scientificamerican.com,Female,250.56.21.125
866,Carolyn,Jackson,cjacksono1@globo.com,Female,230.172.136.114
867,Nicholas,Henry,nhenryo2@gov.uk,Male,198.16.136.110
868,Philip,Kim,pkimo3@geocities.com,Male,156.176.138.99
869,Jonathan,Griffin,jgriffino4@wix.com,Male,197.236.171.124
870,Virginia,Bennett,vbennetto5@zimbio.com,Female,43.187.187.254
871,Julia,White,jwhiteo6@ox.ac.uk,Female,197.167.34.180
872,Irene,Griffin,igriffino7@list-manage.com,Female,24.198.248.41
873,Alan,Smith,asmitho8@squarespace.com,Male,17.201.135.81
874,Gregory,Washington,gwashingtono9@goo.gl,Male,37.140.214.70
875,Maria,Rodriguez,mrodriguezoa@comsenz.com,Female,130.93.10.126
876,Amanda,Sanchez,asanchezob@webs.com,Female,117.43.28.11
877,George,Welch,gwelchoc@nydailynews.com,Male,55.143.180.225
878,Brian,Spencer,bspencerod@nationalgeographic.com,Male,226.183.204.248
879,Carlos,Rose,croseoe@state.tx.us,Male,123.229.96.5
880,Roger,Watson,rwatsonof@utexas.edu,Male,139.232.56.248
881,Linda,Ford,lfordog@eventbrite.com,Female,78.253.81.215
882,Kenneth,Butler,kbutleroh@free.fr,Male,194.142.22.73
883,Clarence,Robertson,crobertsonoi@ox.ac.uk,Male,185.94.25.171
884,Mildred,Castillo,mcastillooj@ebay.co.uk,Female,163.127.141.86
885,Linda,Harris,lharrisok@prweb.com,Female,148.42.102.119
886,Julie,Diaz,jdiazol@angelfire.com,Female,128.201.111.202
887,Billy,Grant,bgrantom@last.fm,Male,250.164.59.70
888,Tammy,Carpenter,tcarpenteron@sciencedaily.com,Female,220.140.18.10
889,Diana,Ross,drossoo@guardian.co.uk,Female,251.21.220.4
890,Diane,James,djamesop@altervista.org,Female,100.193.16.135
891,Jonathan,Watkins,jwatkinsoq@networkadvertising.org,Male,53.86.101.157
892,Nicholas,Sanchez,nsanchezor@opensource.org,Male,213.17.39.218
893,Matthew,Mills,mmillsos@netlog.com,Male,225.140.78.43
894,Steven,Stanley,sstanleyot@noaa.gov,Male,170.4.68.165
895,Larry,Diaz,ldiazou@chronoengine.com,Male,241.82.179.47
896,Jennifer,Reynolds,jreynoldsov@simplemachines.org,Female,87.102.55.110
897,Denise,Dixon,ddixonow@virginia.edu,Female,169.209.235.231
898,Kathleen,Murray,kmurrayox@seesaa.net,Female,177.3.18.59
899,Sarah,Rice,sriceoy@bloglovin.com,Female,44.136.190.126
900,Joshua,Sims,jsimsoz@wired.com,Male,39.170.45.229
901,Rachel,Martinez,rmartinezp0@usa.gov,Female,93.139.41.57
902,George,Thomas,gthomasp1@ft.com,Male,228.206.41.127
903,Elizabeth,Roberts,erobertsp2@theatlantic.com,Female,242.41.15.254
904,Ruby,Cunningham,rcunninghamp3@earthlink.net,Female,49.60.81.138
905,Julia,Butler,jbutlerp4@hibu.com,Female,94.89.208.87
906,Betty,Walker,bwalkerp5@github.io,Female,82.51.52.14
907,Patrick,Harvey,pharveyp6@ustream.tv,Male,208.85.155.89
908,Gerald,Smith,gsmithp7@wikia.com,Male,152.34.232.70
909,Debra,Simmons,dsimmonsp8@time.com,Female,135.120.164.104
910,Daniel,Romero,dromerop9@yellowpages.com,Male,18.176.93.55
911,Eugene,Anderson,eandersonpa@discuz.net,Male,48.166.209.38
912,Jessica,Brown,jbrownpb@usda.gov,Female,176.251.145.109
913,Charles,Ruiz,cruizpc@a8.net,Male,226.119.198.124
914,Jeffrey,Hanson,jhansonpd@theatlantic.com,Male,231.159.173.234
915,Douglas,Oliver,doliverpe@wisc.edu,Male,173.111.48.128
916,Michelle,Myers,mmyerspf@printfriendly.com,Female,136.123.45.227
917,Sean,Fox,sfoxpg@umn.edu,Male,140.26.248.239
918,Aaron,Green,agreenph@earthlink.net,Male,184.108.132.147
919,Antonio,Morrison,amorrisonpi@yolasite.com,Male,137.77.61.94
920,Philip,Fields,pfieldspj@elegantthemes.com,Male,173.184.180.154
921,Sarah,Foster,sfosterpk@digg.com,Female,111.107.220.113
922,Howard,Kelley,hkelleypl@sciencedaily.com,Male,219.86.68.88
923,Sarah,Edwards,sedwardspm@merriam-webster.com,Female,0.169.35.14
924,Scott,Fowler,sfowlerpn@shinystat.com,Male,79.210.19.193
925,Joseph,Chapman,jchapmanpo@economist.com,Male,179.1.149.203
926,Clarence,Burns,cburnspp@cnet.com,Male,160.57.56.65
927,Thomas,Payne,tpaynepq@google.fr,Male,236.188.251.27
928,George,Nelson,gnelsonpr@wikia.com,Male,95.54.59.97
929,Theresa,Morris,tmorrisps@printfriendly.com,Female,188.42.17.53
930,Jonathan,Medina,jmedinapt@icio.us,Male,170.42.80.187
931,Scott,Perry,sperrypu@businessinsider.com,Male,61.78.162.219
932,Jacqueline,Hall,jhallpv@a8.net,Female,94.150.148.119
933,Roy,Carter,rcarterpw@globo.com,Male,195.207.211.236
934,Paula,Smith,psmithpx@angelfire.com,Female,176.47.68.198
935,Wayne,Gonzalez,wgonzalezpy@businessweek.com,Male,129.198.255.75
936,Denise,Alvarez,dalvarezpz@sogou.com,Female,163.116.113.153
937,Wayne,Lee,wleeq0@instagram.com,Male,225.133.216.213
938,Christine,Harris,charrisq1@uol.com.br,Female,170.169.101.152
939,Andrew,Warren,awarrenq2@so-net.ne.jp,Male,105.8.54.95
940,John,Kelley,jkelleyq3@ebay.com,Male,68.140.149.120
941,Marie,Little,mlittleq4@latimes.com,Female,247.18.78.49
942,Cheryl,Lewis,clewisq5@skyrock.com,Female,165.240.239.199
943,Kelly,Rice,kriceq6@livejournal.com,Female,162.225.232.108
944,Daniel,Washington,dwashingtonq7@qq.com,Male,22.96.60.212
945,Charles,Richards,crichardsq8@squidoo.com,Male,25.44.128.77
946,Kimberly,Cook,kcookq9@slashdot.org,Female,138.232.50.214
947,Jeffrey,Gordon,jgordonqa@wikipedia.org,Male,103.252.9.138
948,Karen,Peters,kpetersqb@google.nl,Female,19.37.204.234
949,Angela,Cox,acoxqc@plala.or.jp,Female,110.122.46.61
950,Barbara,Boyd,bboydqd@cbslocal.com,Female,95.165.207.151
951,Cynthia,Stanley,cstanleyqe@edublogs.org,Female,102.0.27.77
952,Daniel,Mccoy,dmccoyqf@4shared.com,Male,243.42.71.53
953,Philip,Franklin,pfranklinqg@chronoengine.com,Male,23.213.176.194
954,Brandon,Gomez,bgomezqh@nytimes.com,Male,192.200.16.106
955,Lori,Perez,lperezqi@multiply.com,Female,133.134.18.28
956,Helen,Baker,hbakerqj@examiner.com,Female,3.0.231.207
957,Richard,Sanchez,rsanchezqk@imdb.com,Male,63.230.81.48
958,Andrea,Medina,amedinaql@php.net,Female,19.63.228.210
959,Michael,Dean,mdeanqm@trellian.com,Male,189.244.188.243
960,Janet,Wagner,jwagnerqn@wired.com,Female,221.101.96.23
961,Arthur,Fields,afieldsqo@networkadvertising.org,Male,78.146.75.115
962,Craig,Gomez,cgomezqp@walmart.com,Male,19.186.158.245
963,Henry,Boyd,hboydqq@wikimedia.org,Male,197.114.178.239
964,Mark,Perry,mperryqr@prnewswire.com,Male,207.116.72.151
965,Janet,Day,jdayqs@unicef.org,Female,98.168.174.23
966,Willie,Perez,wperezqt@altervista.org,Male,252.173.252.138
967,Ann,Smith,asmithqu@apple.com,Female,180.140.223.237
968,Keith,Robertson,krobertsonqv@wix.com,Male,210.78.80.236
969,Ralph,Howell,rhowellqw@senate.gov,Male,51.174.169.175
970,Anne,Torres,atorresqx@yellowbook.com,Female,131.250.32.71
971,Keith,Ellis,kellisqy@ustream.tv,Male,123.167.178.63
972,Bobby,Snyder,bsnyderqz@amazon.de,Male,120.97.152.54
973,Judy,Fernandez,jfernandezr0@usa.gov,Female,229.161.186.190
974,Ashley,Banks,abanksr1@slate.com,Female,88.116.19.196
975,Ann,Burns,aburnsr2@adobe.com,Female,196.41.25.150
976,Gregory,Ford,gfordr3@purevolume.com,Male,194.138.121.238
977,Beverly,Peterson,bpetersonr4@histats.com,Female,116.255.185.190
978,Janice,Rodriguez,jrodriguezr5@php.net,Female,8.178.37.180
979,Alan,Duncan,aduncanr6@wikipedia.org,Male,18.249.162.160
980,Wayne,Graham,wgrahamr7@drupal.org,Male,157.223.108.101
981,Carolyn,Campbell,ccampbellr8@printfriendly.com,Female,3.42.68.101
982,Andrew,Adams,aadamsr9@boston.com,Male,18.131.21.135
983,Lawrence,Mason,lmasonra@goodreads.com,Male,241.27.188.143
984,Teresa,Morris,tmorrisrb@cargocollective.com,Female,16.58.76.201
985,Melissa,Dunn,mdunnrc@census.gov,Female,172.213.137.51
986,Brandon,Murphy,bmurphyrd@cocolog-nifty.com,Male,46.186.64.179
987,Heather,Hart,hhartre@flickr.com,Female,150.88.240.96
988,Rachel,Burns,rburnsrf@is.gd,Female,165.80.185.96
989,Bonnie,Hunter,bhunterrg@google.ru,Female,51.90.162.115
990,Henry,Garcia,hgarciarh@paginegialle.it,Male,164.82.157.134
991,Margaret,Mccoy,mmccoyri@nyu.edu,Female,137.47.31.203
992,Lisa,Spencer,lspencerrj@phoca.cz,Female,231.105.163.111
993,Ralph,Simmons,rsimmonsrk@taobao.com,Male,88.16.161.239
994,Alice,Reynolds,areynoldsrl@example.com,Female,116.207.174.9
995,Sean,Simpson,ssimpsonrm@gov.uk,Male,48.176.236.218
996,Joshua,Owens,jowensrn@usnews.com,Male,77.246.194.154
997,Paul,James,pjamesro@sciencedaily.com,Male,201.87.248.45
998,Christine,Hunter,chunterrp@shinystat.com,Female,143.31.186.173
999,George,Morris,gmorrisrq@xinhuanet.com,Male,93.101.153.135
1000,Kenneth,Williamson,kwilliamsonrr@cpanel.net,Male,101.250.60.148
